title,description,url,publishedAt,prediction,sentiment_score
Why are two of the world’s wealthiest men at loggerheads over an Indian retail company?,The root cause of Amazon's dissent dates back to August 2019.,https://qz.com/india/1922477/why-are-bezos-amazon-ambanis-reliance-at-war-for-future-retail/,2020-10-29T06:46:37Z,negative,-0.67750853
"China's Leaders Vow Tech 'Self-Reliance,' Military Power and Economic Recovery","An anonymous reader quotes a report from The New York Times: China's Communist Party emerged from four days of meetings behind closed doors in Beijing declaring the country's leader, Xi Jinping, a ""helmsman"" who would lead ""the ship of socialism sailing into …",https://yro.slashdot.org/story/20/10/29/2037224/chinas-leaders-vow-tech-self-reliance-military-power-and-economic-recovery,2020-10-29T22:10:00Z,neutral,0.12363018
"The Ratings Game: In latest semiconductor megamerger, Marvell seeks data-center depth with $8 billion Inphi buy",Marvell Technology Group Ltd.'s announcement Thursday to acquire Inphi Corp. is the latest tech merger prompted by the world's COVID-19 accelerated reliance on the data centers that serve as the backbone of the internet.,https://www.marketwatch.com/story/in-latest-semiconductor-megamerger-marvell-seeks-data-center-depth-with-8-billion-inphi-buy-11603995912,2020-10-29T17:25:00Z,neutral,0.20857203
U.S. offers drilling leases in New Mexico as pivotal election looms - Reuters UK,"The Trump administration on Thursday will auction oil and gas leases on more than 7,000 acres in New Mexico, its last before a U.S. election that is expected to determine the future of drilling on public lands.",https://www.reuters.com/article/us-usa-drilling-newmexico-idUSKBN27E1SJ,2020-10-29T11:04:00Z,neutral,0.22959608
Главные мировые богачи потеряли десятки миллиардов долларов за один день,"Миллиардеры, входящие в десятку богатейших людей планеты, за день потеряли более 33 миллиардов долларов. Самые большие потери понес богатейший человек планеты, основатель Amazon Джефф Безос. За сутки он лишился 6,7 миллиарда долларов. Его состояние составляет…",https://lenta.ru/news/2020/10/29/super_rich/,2020-10-29T14:32:42Z,neutral,0.05681245
SC transfers to self all cases challenging IBC proceedings against personal guarantors,"A Bench led by Justice LN Rao while transferring the cases pending before the high courts of Delhi, Madhya Pradesh and Telengana also restrained all HCs from entertaining fresh cases on the issue.",https://indianexpress.com/article/business/sc-transfers-to-self-all-cases-challenging-ibc-proceedings-against-personal-guarantors-6909174/,2020-10-29T21:31:38Z,negative,-0.5895626
Amazon executives depose before Parliamentary panel,The panel headed by Meenakshi Lekhi quizzed them about revenue and tax paid in India,https://www.thehindu.com/news/national/amazon-executives-depose-before-parliamentary-panel/article32970436.ece,2020-10-29T06:37:49Z,neutral,-0.122225046
Why Amazon and Reliance are clashing in India over a cash-strapped retail chain,"Two of the world's richest men are duking it out over a brick-and-mortar retail chain on the verge of default. But when it comes to the fight for India's growing e-commerce market, every battle counts.",https://www.cnn.com/2020/10/29/tech/reliance-amazon-future-group-india-intl-hnk/index.html,2020-10-29T15:50:46Z,neutral,0.003000617
"Future Retail-Reliance Retail Ventures agreement: Amazon India writes to Sebi, bourses, asks not to okay deal","Amazon India has said that they must take cognisance of the interim order passed by an emergency arbitrator of the Singapore International Arbitration Centre (SIAC), barring Future Retail and its promoters from executing its deal with Reliance Retail.",https://indianexpress.com/article/business/companies/amazon-india-writes-to-sebi-bourses-asks-not-to-okay-deal-6909206/,2020-10-29T21:30:15Z,negative,-0.84322566
"Cabinet clears a proposal to provide special incentives to industries in Raigad, Aurangabad","Officials from the industries department said this will give a major boost to the medical equipment and pharmaceutical sector in the state. While the bulk drug park is set to come up at a cost of Rs 2,442 crore, the medical device manufacturing park is estima…",https://indianexpress.com/article/india/cabinet-clears-a-proposal-to-provide-special-incentives-to-industries-in-raigad-aurangabad-6909304/,2020-10-29T21:05:31Z,positive,0.8733447
Facebook warns of tough 2021 as pandemic boosts ad revenue - Reuters,Facebook Inc <FB.O> on Thursday warned of a tougher 2021 despite beating analysts' estimates for quarterly revenue as businesses adjusting to the global pandemic continued to rely on the company's digital ad tools.,https://www.reuters.com/article/uk-facebook-results-idUSKBN27E3EE,2020-10-29T20:14:00Z,negative,-0.011500418
Wales qualifications body urges scrapping of next year's exams,"Welsh government told there should be no GCSE and AS-level exams, and single paper for A-levels<ul><li>Coronavirus – latest updates</li><li>See all our coronavirus coverage</li></ul>The independent regulator of qualifications in Wales has recommended that all…",https://amp.theguardian.comeducation/2020/oct/29/scrap-next-years-exams-urges-wales,2020-10-29T00:01:01Z,neutral,-0.09326348
"Zoom overtakes Exxon Mobil in market value amid COVID-19 pandemic (ZM, XOM)","Summary List Placement

<ul>
<li>Zoom Video has surpassed Exxon Mobil in market capitalization, according to data from YCharts.com.</li>
<li>Zoom Video has surged 658% year-to-date as the video chat software company saw a boom in business amid the COVID-19 pa…",https://www.businessinsider.com/zoom-exxon-mobil-overtakes-market-value-stock-price-covid19-pandemic-2020-10,2020-10-29T17:00:39Z,positive,0.9263892
"Data Protection Bill: Google says India should avoid data localisation requirements, riles panel members","Both Google and Patym were asked about the recent Google Play Store controversy, it is learnt. Google had last month removed Paytm from its Play Store, citing violations of the app store’s gambling policies, but restored it hours later.",https://indianexpress.com/article/india/data-protection-bill-google-says-india-should-avoid-data-localisation-requirements-riles-panel-members-6909199/,2020-10-29T19:24:51Z,negative,-0.87234867
Amazon may move high court to enforce order - Mint,"Amazon and Future have a week’s time to mutually agree on whether to continue with the arbitration proceedings at the SIAC, failing which, a long-winding legal tussle between both sides is likely.The Singapore court restrained Future group from selling its as…",https://www.livemint.com/companies/news/amazon-may-move-hc-to-enforce-order-11603932093050.html,2020-10-29T00:49:17Z,negative,-0.85218155
"China’s Leaders Vow Tech ‘Self-Reliance,’ Military Power and Economic Recovery",The Communist Party’s Central Committee endorsed an ambitious policy program that looks far beyond the coronavirus pandemic.,https://www.nytimes.com/2020/10/29/world/asia/china-five-year-plan-communist-party.html,2020-10-29T16:54:38Z,positive,0.59528124
NASA video builds excitement for November’s historic Crew Dragon launch,"NASA has posted a rousing video focusing on the first operational crewed flight of SpaceX’s Crew Dragon spacecraft, set for mid-November.",https://www.digitaltrends.com/news/nasa-video-teases-novembers-historic-crew-dragon-launch/,2020-10-29T04:15:09Z,neutral,0.38860643
The Rewind: What We Learned From 10 Plays In Ohio State's 52-17 Win Against Nebraska,Justin Fields' reliance on Garrett Wilson and interior pressure from Tommy Togiai and Haskell Garrett were among the plays that stood out in Ohio State's 52-17 win against Nebraska.,https://upstract.com/p/x7vd3u5v?ref=rss&rd=1,2020-10-29T14:50:00Z,neutral,0.18008958
Amazon urges Sebi to consider Singapore arbitrator's stay order on RIL-Future deal - Mint,"<ol><li>Amazon urges Sebi to consider Singapore arbitrator's stay order on RIL-Future deal  Mint
</li><li>Amazon asks Sebi, bourses to note arbitration ruling on Future-RIL deal  Business Standard
</li><li>Understanding the Amazon-Future Group dispute - The…",https://www.livemint.com/companies/news/amazon-urges-sebi-to-consider-singapore-arbitrator-s-stay-order-on-ril-future-deal-11603978557649.html,2020-10-29T13:56:41Z,negative,-0.10370475
"Hiring rebounds in retail, e-commerce sectors following festive season: Report","The major jobs in the retail, e-commerce sectors are in the cities of Delhi, Mumbai, Bengaluru which contribute 51 per cent of the jobs in the retail sector, while 54 per cent in e-commerce",https://indianexpress.com/article/jobs/hiring-rebounds-in-retail-e-commerce-sectors-following-festive-season-report-naukri-6908342/,2020-10-29T08:41:55Z,negative,-0.28998673
In The Hot Seat With Forbes Advisor India: Sundeep Sikka,"Sundeep Sikka is the Executive Director and Chief Executive Officer of Nippon Life Asset Management Limited (NAM India), formerly Reliance Capital Asset Management. In a conversation, he spoke about how India stock markets will see household savings come in a…",https://www.forbes.com/sites/advisorindia/2020/10/29/in-the-hot-seat-with-forbes-advisor-india-sundeep-sikka/,2020-10-29T04:28:57Z,neutral,0.21664122
Rupture,"Fortuitement, à l'aube de la plus importante crise économique dans l'histoire du capitalisme, le « World Economic Forum » publie, sur sa plateforme « COVID Action Platform », sa dernière étude sur l'avenir du monde du travail « The Future of Jobs Report. », e…",https://www.agoravox.fr/tribune-libre/article/rupture-228182,2020-10-29T15:39:32Z,neutral,-0.06418787
China leaders vow to create self-reliant 'technology power' - The Associated Press,"BEIJING (AP) — China’s leaders vowed Thursday to create a self-reliant “technology power” as a feud with Washington cuts access to U.S. processor chips and other high-tech components, hampering...",https://apnews.com/article/technology-beijing-xi-jinping-china-economy-d046181a106413621761248660d47479,2020-10-29T10:57:00Z,negative,-0.9423141
China's leaders vow to become self-reliant technology power - Minneapolis Star Tribune,"China's leaders are vowing to make their country a self-reliant ""technology power"" as a feud with Washington cuts access to U.S. computer chips and other high-tech components, hampering Beijing's industrial ambitions.",https://www.startribune.com/chinese-leaders-target-ascent-as-a-technology-power/572908071/,2020-10-29T11:30:15Z,negative,-0.918073
RIL Q2 preview: Profits may dip but Jio and Retail could see sequential improvement,"Analysts will also wait and watch company’s take on the legal tussle between Amazon Inc and Future Group, which has put the RIL-Future Group on hold.",https://economictimes.indiatimes.com/markets/stocks/earnings/ril-q2-preview-profits-may-dip-but-jio-and-retail-could-see-sequential-improvement/articleshow/78936317.cms,2020-10-29T15:19:08Z,negative,-0.8058722
China leaders vow to create self-reliant 'technology power' - ActionNewsJax.com,"China’s leaders say they will create a self-reliant “technology power” as a feud with Washington cuts access to U.S. processor chips and other high-tech components, hampering Beijing’s industrial ambitions",https://www.actionnewsjax.com/news/china-leaders-vow/RFBIIGFPNX72P5POH7NZZQ6R4U/,2020-10-29T11:34:46Z,negative,-0.93812066
What changed for the market while you were sleeping? Top 10 things to know,Trends on SGX Nifty indicate a negative opening for the index in India with a 51 points loss.,https://www.moneycontrol.com/news/business/markets/what-changed-for-the-market-while-you-were-sleeping-top-10-things-to-know-316-6031261.html,2020-10-29T02:12:09Z,negative,-0.96912897
China leaders vow to create self-reliant 'technology power',"China’s leaders say they will create a self-reliant “technology power” as a feud with Washington cuts access to U.S. processor chips and other high-tech components, hampering Beijing’s industrial ambitions",https://www.independent.co.uk/news/china-leaders-vow-to-create-selfreliant-technology-power-china-communist-party-us-leaders-leaders-b1420893.html,2020-10-29T11:21:33Z,negative,-0.926033
"China pushes domestic economy, tech power in five-year plan","China's Communist leadership outlined a five-year vision Thursday to develop the country into a powerhouse centred on stronger domestic spending and tech self-reliance, but held back from the usual practice of issuing an overall economic growth target.",https://news.yahoo.com/china-pushes-domestic-economy-tech-122857588.html,2020-10-29T12:52:17Z,neutral,0.21450643
Of dogs and men,"“But Argos passed into the darkness of death, now that he had fulfilled his destiny of faith and seen his master once more after twenty years.” This quote from The Odyssey vividly illustrates the bond between dog and human. These two species, separated by 90 …",https://science.sciencemag.org/content/370/6516/522.full,2020-10-29T17:38:18Z,neutral,0.09406023
Cavco Industries Reports Fiscal 2021 Second Quarter Results and Announces New $100 Million Stock Repurchase Program,"PHOENIX, Oct. 29, 2020 (GLOBE NEWSWIRE) -- Cavco Industries, Inc. (Nasdaq: CVCO) today announced financial results for the second fiscal quarter ended September 26, 2020. * Net revenue decreased 4.0% to $258.0 million for the second quarter of fiscal year 202…",https://news.yahoo.com/cavco-industries-reports-fiscal-2021-200500570.html,2020-10-29T20:05:00Z,negative,-0.9704987
Trump's Racist Hail Mary to White Voters Isn't Working,"Trump is far from the first American president to campaign on racial divisions, but he stands out for his brazenness.",https://www.vice.com/en/article/bvxxzw/trumps-racist-hail-mary-to-white-voters-isnt-working,2020-10-29T21:46:41Z,negative,-0.5371921
"Aurora Cannabis: The 11,800% Gain No One Saw Coming",This isn't an increase shareholders are cheering about.,https://www.fool.com/investing/2020/10/29/aurora-cannabis-the-11800-gain-no-one-saw-coming/,2020-10-29T11:21:00Z,positive,0.46692303
China unveils 5-year plan with tech ambitions at its core,The Communist Party’s Central Committee also pledged to develop a robust domestic market.,https://www.aljazeera.com/economy/2020/10/29/china-unveils-5-year-path-to-becoming-a-tech,2020-10-29T17:03:07Z,positive,0.8094245
Researchers develop novel process that turns waste into nutritional supplements,"The shells of crustaceans and wood waste such as branches pruned from trees usually end up in landfills. These waste materials are given a new lease on life to become nutritional supplements and medicine, with the help of a novel process developed by research…",https://phys.org/news/2020-10-nutritional-supplements.html,2020-10-29T14:32:38Z,neutral,0.052615065
Valmet Deploys Vuzix M400 Smart Glasses at CMPC Plant to Provide Remote Support,"Vuzix® Corporation (NASDAQ: VUZI), (""Vuzix"" or, the ""Company""), a leading supplier of Smart Glasses and Augmented Reality (AR) technology and products, today announced that Valmet, a leading global developer and supplier of technologies, automation and servic…",https://news.yahoo.com/valmet-deploys-vuzix-m400-smart-164200078.html,2020-10-29T16:42:00Z,positive,0.838832
WuXi AppTec Reports Strong Third-Quarter 2020 Results,"WuXi AppTec Co., Ltd. (stock code: 603259.SH / 2359.HK), a company that provides a broad portfolio of R&D; and manufacturing services that enable companies in the pharmaceutical, biotech and medical device industries worldwide to advance discoveries and deliv…",https://news.yahoo.com/wuxi-apptec-reports-strong-third-082700649.html,2020-10-29T08:27:00Z,positive,0.830946
Szerelem a korona idején - Nem tudnak leállni a tech óriások,Nem álltak le a tech óriások akvizíciói és befektetései a járvány alatt sem. Stabil pénzügyi helyzetükre és magas részvényárfolyamaikra építve rekordösszegeket fektettek be az elmúlt hat hónapban. Gajdics Attila az Accorde Alapkezelő portfóliómenedzserének ír…,https://www.portfolio.hu/uzlet/20201029/szerelem-a-korona-idejen-nem-tudnak-leallni-a-tech-oriasok-454840,2020-10-29T05:22:00Z,neutral,0.06760237
"Sensex plunges over 350 points in early trade; Nifty drops below 11,650-mark","The 30-share BSE index was trading 365.19 points or 0.91 per cent lower at 39,557.27. Similarly, the broader NSE Nifty tumbled 106.90 points or 0.91 per cent to 11,622.70.",https://indianexpress.com/article/business/market/markets-live-updates-bse-sensex-nse-nifty-stocks-shares-global-cues-october-fo-expiry-6908141/,2020-10-29T04:45:23Z,negative,-0.96523386
Богатейший человек мира за день потерял почти семь миллиардов долларов - РИА НОВОСТИ,"Богатейший человек мира, основатель Amazon Джефф Безос в среду потерял 6,8 миллиарда долларов, а в общей сложности состояние топ-10 мировых миллиардеров за день РИА Новости, 29.10.2020",https://ria.ru/20201029/bezos-1582045589.html,2020-10-29T08:06:34Z,neutral,0.07976671
How the U.S. patent office is keeping up with AI,"Though most agree that current patent and IP laws can handle the challenges of AI, the USPTO is looking ahead.",https://venturebeat.com/2020/10/29/how-the-u-s-patent-office-is-keeping-up-with-ai/,2020-10-29T17:58:31Z,positive,0.6536294
High-tech chickens are a case study of why self-reliance is so hard,"IT TAKES AN effort—a small hardening of the heart—to see day-old Jinghai Poultry chicks for what they are. These, for all their plaintive cheeping and soft, fuzzy plumage, are tiny, high-performance meat factories. The product of decades of genetic research i…",https://www.economist.com/china/2020/10/29/high-tech-chickens-are-a-case-study-of-why-self-reliance-is-so-hard,2020-10-29T15:53:45Z,neutral,0.04090012
Джефф Безос потерял почти 7 млрд долларов за день,"Богатейший человек мира, основатель Amazon Джефф Безос в среду потерял 6,8 млрд долларов, а в общей сложности состояние топ-10 мировых миллиардеров за день упало на 37,36 млрд долларов после обвала на мировых фондовых биржах, свидетельствуют данные Bloomberg …",https://vz.ru/news/2020/10/29/1067949.html,2020-10-29T09:49:00Z,neutral,0.036872987
"Amazon asks Sebi, bourses to note arbitration ruling on Future-RIL deal","The sources said that Amazon has shared a copy of the interim judgement with Sebi, BSE and NSE",https://www.business-standard.com/article/companies/amazon-urges-sebi-bourses-to-consider-singapore-order-on-future-ril-deal-120102901874_1.html,2020-10-29T18:02:05Z,neutral,0.21812934
"If you call 911 in this town, drone might respond...","Brookhaven will become the first city in the southeast to adopt a first responder program that uses unmanned drones to respond to 911 calls, emergencies and to conduct investigations.",https://www.ajc.com/news/if-you-call-911-in-brookhaven-a-drone-might-respond-soon/DAA5KFEAHVCZRNVQJTPNEWVQIY/,2020-10-29T10:52:39Z,positive,0.6751603
5G趨勢月報第12期：日本大型電力公司以5G搭配機器人輔助人員完成變電站的遠距巡檢，以降低風險與提高作業效率,日本也有大型電力公司中部電力，開始以高速5G網路，搭配巡檢機器人與多臺攝影鏡頭，來輔助人員完成高壓變電站的現場巡檢任務，讓作業人員不用到現場，從遠方就能即時監看畫面和進行電力設備診斷。,https://www.ithome.com.tw/news/140821,2020-10-29T02:10:34Z,neutral,-0.146893
Trade Setup for Friday: Top 15 things to know before Opening Bell,"According to pivot charts, the key support levels for the Nifty is placed at 11,603.47, followed by 11,536.13.",https://www.moneycontrol.com/news/business/markets/trade-setup-for-friday-top-15-things-to-know-before-opening-bell-98-6037241.html,2020-10-29T16:50:26Z,neutral,-0.07225963
China Aims To Be More Resilient To External Economic Shocks,"Amid a global pandemic and tensions with the U.S., China's Communist Party has unveiled its next Five Year Plan. It includes an ambitious campaign to reduce economic reliance on foreign countries.",https://www.npr.org/2020/10/29/929022473/china-aims-to-be-more-resilient-to-external-economic-shocks,2020-10-29T11:18:00Z,positive,0.58041465
Magnetic North Acquisition Corp. Completes Acquisition of Intergild Advanced Recycling Technologies,"**Not for distribution to United States Newswire Services or release publication, distribution or dissemination, directly or indirectly, in the United States. Any failure to comply with this restriction may constitute a violation of U.S. Securities Laws.** CA…",https://news.yahoo.com/magnetic-north-acquisition-corp-completes-001000479.html,2020-10-29T00:10:00Z,neutral,-0.038219087
Baxter Announces Proposed $650 Million Senior Notes Offering,"DEERFIELD, Ill.--(BUSINESS WIRE)--Baxter International Inc. (NYSE:BAX), a leading global medical products company, today announced that it proposes to offer, subject to market conditions and other factors, $650 million aggregate principal amount of senior not…",https://www.businesswire.com/news/home/20201029005794/en/Baxter-Announces-Proposed-650-Million-Senior-Notes-Offering,2020-10-29T14:25:35Z,positive,0.57462937
KKR launches its India renewable energy platform Virescent Infrastructure - Mint,"<ol><li>KKR launches its India renewable energy platform Virescent Infrastructure  Mint
</li><li>KKR launches platform to acquire renewable energy assets in India  ETEnergyworld.com
</li><li>Solar, other renewables heading for new record in Germany  pv maga…",https://www.livemint.com/companies/news/kkr-launches-its-india-renewable-energy-platform-virescent-infrastructure-11603965149479.html,2020-10-29T09:57:53Z,positive,0.7132785
The U.S. can’t regulate Big Tech companies when they act like nations - The Washington Post,The only way we can demand Big Tech builds its empires responsibly is to stop fighting yesterday’s fight and pay full attention to what they’re doing today.,https://www.washingtonpost.com/outlook/2020/10/29/antitrust-big-tech-net-states/,2020-10-29T18:54:00Z,neutral,0.07669627
China’s new five year economic plan stresses ‘sustainable’ growth—and self-reliance in the tech sector,The plan focuses on building quality growth over quantity.,https://fortune.com/2020/10/29/china-five-year-economic-plan-growth-tech/,2020-10-29T12:02:14Z,neutral,0.2303863
India May Contribute 20% of Amazon’s Growth Over Next Five Years,"Ethen Kim Lieser
Amazon, Asia
 
The e-commerce giant seems poised for even greater heights.
India is far from being a major contributor to Amazon’s international growth today, but that might soon change.
“When you think about Amazon and their growth profile, …",https://nationalinterest.org/blog/techland/india-may-contribute-20-amazon%E2%80%99s-growth-over-next-five-years-171566,2020-10-29T14:33:00Z,neutral,0.4757041
"China Pledges Quality Growth, Tech Powerhouse in Five-Year Plan","(Bloomberg) -- China unveiled the first glimpses of its economic plans for the next five years, promising to build the nation into a technological powerhouse as it emphasized quality growth over speed.Initial details released by the Communist Party’s Central …",https://finance.yahoo.com/news/china-pledges-quality-growth-5-095038074.html,2020-10-29T10:42:24Z,positive,0.6539569
The Valens Company and High12 Launch DAIZE Premium Vape Cartridges,"KELOWNA, BC, Oct. 29, 2020 /CNW/ - The Valens Company Inc.",https://finance.yahoo.com/news/valens-company-high12-launch-daize-110000716.html,2020-10-29T11:00:00Z,neutral,0.007316109
What $99 internet from space means for Americans,"Starlink might not solve digital inequality, but it could drive down the cost of broadband.",https://qz.com/1924385/what-99-internet-from-space-means-for-americans/,2020-10-29T16:10:29Z,neutral,0.3244626
How votes are actually counted on Election Day - CNET,Historic levels of early voting ensure there'll be a lot of ballots to count.,https://www.cnet.com/news/how-votes-are-actually-counted-on-election-day/,2020-10-29T12:00:28Z,neutral,0.14430836
Tata Group Can Spend Upto Rs 7300 Crore To Buy Stake In Big Basket: Is It Tata Vs Reliance Vs Amazon Now?,"The reports are coming in about India’s largest e-grocer BigBasket, who is in the advanced stage of negotiations with the Tata Group to divest a majority stake.  Deal Between Tata Group And Big Basket Tata groups, which are also known as the salt-to-software …",https://trak.in/tags/business/2020/10/29/tata-group-can-spend-upto-rs-7300-crore-to-buy-stake-in-big-basket-is-it-tata-vs-reliance-vs-amazon-now/,2020-10-29T10:50:58Z,neutral,0.44264364
Supreme Court Upholds North Carolina’s Extended Mail-In Ballot Deadline,Ballots in North Carolina will be accepted up to nine days after Election Day.,https://www.forbes.com/sites/alisondurkee/2020/10/28/supreme-court-upholds-north-carolina-extended-mail-in-ballot-deadline/,2020-10-29T00:55:16Z,neutral,-0.00073210895
"Parliamentary panel questions Paytm about Chinese investment, storing of data in servers abroad","Top officials of Paytm appeared before the Joint Committee of Parliament on the Personal Data Protection Bill, and submitted their suggestions on key aspects of the proposed legislation such as management and transfer abroad of sensitive personal data, source…",https://indianexpress.com/article/india/parliamentary-panel-questions-paytm-about-chinese-investment-storing-of-data-in-servers-abroad-6908977/,2020-10-29T18:19:44Z,neutral,0.0613838
Personal Guarantors: SC transfers to itself writ petitions challenging certain IBC provisions,"KR SrivatsThe Supreme Court, on Thursday, directed the transfer to itself a batch of writ petitions challenging IBC provisions related to insolvency of personal guarantors to corporate debtors.A three",https://www.thehindubusinessline.com/money-and-banking/personal-guarantors-sc-transfers-to-itself-writ-petitions-challenging-certain-ibc-provisions/article32974330.ece,2020-10-29T14:42:29Z,neutral,0.08228958
"Vodafone Idea Q2 loss narrows to Rs 7203.4 crore, ARPU increases to Rs 119 - ETTelecom.com","<ol><li>Vodafone Idea Q2 loss narrows to Rs 7203.4 crore, ARPU increases to Rs 119  ETTelecom.com
</li><li>Vodafone Idea Q2 net loss narrows to ₹7,218 crore; Arpu rises  Mint
</li><li>Vodafone Idea Q2 loss narrows to Rs 7,218 crore  Moneycontrol.com
</li><…",https://telecom.economictimes.indiatimes.com/news/vodafone-idea-revenue-slips-as-subscriber-losses-weigh/78934017,2020-10-29T13:22:20Z,negative,-0.8894828
Fifth Plenum communique; Small reprieve for Huawei; US-China; RIP Cecilia Chiang,"The communique for the Fifth Plenum is out, there were no big surprises. There is a lot of focus on self-reliance, especially in technology, as well as security and military modernization, and of course opening and dual circulation. The US is not mentioned bu…",https://sinocism.com/p/fifth-plenum-communique-small-reprieve,2020-10-29T22:11:58Z,neutral,0.07777965
"Sensex sheds 173 points amid F&O expiry; Nifty slips below 11,700",L&T was the top laggard in the Sensex pack.,https://www.thehindu.com/business/markets/sensex-sheds-173-points-amid-fo-expiry-nifty-slips-below-11700/article32972213.ece,2020-10-29T10:44:33Z,negative,-0.94098026
Is Big Tech a big election security risk? - GCN.com,Advocacy groups are questioning whether companies that provide cloud services are doing enough to safeguard voter data and prevent interference in the 2020 election.,https://gcn.com/articles/2020/10/29/cloud-security-voting.aspx,2020-10-29T21:18:03Z,negative,-0.65707135
TGS Quarterly Dividend,"OSLO, NORWAY (29 October 2020) – Following the authorization from the Annual General Meeting on 12 May 2020, the Board of TGS NOPEC Geophysical Company ASA has resolved to distribute a quarterly dividend of the NOK equivalent of USD 0.125 per share (NOK 1.17 …",https://news.yahoo.com/tgs-quarterly-dividend-060500715.html,2020-10-29T06:05:00Z,positive,0.6279163
"Backing experience over youth has turned CSK’s season upside down, says Lara",It is the first time Dhoni and his men have failed to clear the league stage.,https://www.thehindu.com/sport/cricket/backing-experience-over-youth-has-turned-csks-season-upside-down-says-lara/article32971798.ece,2020-10-29T10:06:06Z,negative,-0.9167226
"Sensex plunges over 350 points in early trade; Nifty drops below 11,650",Titan was the top laggard in the Sensex pack.,https://www.thehindu.com/business/markets/sensex-plunges-over-350-points-in-early-trade-nifty-drops-below-11650/article32970347.ece,2020-10-29T06:13:20Z,negative,-0.9211484
Cybercriminals Aim BEC Attacks at Education Industry,Heightened vulnerability comes at a time when the sector has been focusing on setting up a remote workforce and online learning amid the pandemic.,https://www.darkreading.com/attacks-breaches/cybercriminals-aim-bec-attacks-at-education-industry/d/d-id/1339319,2020-10-29T17:10:00Z,negative,-0.82660514
All eyes on grocery etail as Ambani stares at a rival that can match him rupee for rupee,"With Tatas set to add to the crowd of deep-pocketed players already vying for the vast Indian market, the ground looks set for a no-holds-barred fight of many big players. Ambani's Reliance has already begun a strong push to capture grocery etail via its JioM…",https://economictimes.indiatimes.com/industry/services/retail/all-eyes-on-grocery-etail-as-ambani-stares-at-a-rival-that-can-match-him-rupee-for-rupee/articleshow/78926640.cms,2020-10-29T06:35:10Z,positive,0.7076021
Harish Salve marries English artist Caroline Brossard in intimate ceremony in London,The lawyer married the London-based artist at a church and the ceremony was reportedly attended by only 15 people including close friends and family,https://www.businesstoday.in/latest/trends/harish-salve-marries-english-artist-caroline-brossard-in-intimate-ceremony-in-london/story/420262.html,2020-10-29T06:50:45Z,neutral,0.034175634
$160 Million in Bond Funding on the Ballot in Detroit,"Proposition N, on the ballot for Detroit voters next week, will provide $160 million in bond funding for demolitions and $90 million to mothball homes for future rehab, but, according to this opinion, it won't solve the city's blight challenges.",https://www.planetizen.com/news/2020/10/111031-160-million-bond-funding-ballot-detroit,2020-10-29T13:00:00Z,neutral,0.03931266
$160 Million in Bond Funding for Demolitions on the Ballot in Detroit,"Proposition N, on the ballot for Detroit voters next week, will provide $160 million in bond funding for demolitions and $90 million to mothball homes for future rehab, but, according to this opinion, it won't solve the city's blight challenges.",https://www.planetizen.com/news/2020/10/111031-160-million-bond-funding-demolitions-ballot-detroit,2020-10-29T13:00:00Z,negative,-0.00091829896
Biden stance on energy plays against U.S. strength,Joe Biden wants to take one of the great American success stories of the past several decades and drive it into the ground. He would turn his back on the stupendous wealth represented by proven reserves of oil and gas in this country. Rather than focusing on …,http://www.bostonherald.com/2020/10/29/biden-stance-on-energy-plays-against-u-s-strength/,2020-10-29T10:08:13Z,neutral,0.084031776
Covid-1 and False Hope: An Empirical Study,False hope may explain why America is leading the world in Covid infections and deaths.,https://www.psychologytoday.com/ca/blog/hope-today/202010/covid-1-and-false-hope-empirical-study,2020-10-29T15:05:35Z,neutral,0.05265621
"The Education Plan® Can Help with Education Spending, the No. 1 Financial Disruptor Among Americans","Santa Fe, New Mexico, Oct. 29, 2020 (GLOBE NEWSWIRE) -- For many people, education expenses are having a profound impact on long-range financial planning. According to a survey conducted by The Harris Poll on behalf of TD Ameritrade, education spending ranked…",https://news.yahoo.com/education-plan-help-education-spending-160000101.html,2020-10-29T16:00:00Z,neutral,0.3135512
Shell raises dividend despite plunging profits,"Shell's profits plunged in the third quarter to $955m (£734m) but beat analyst estimates as the oil major raised its dividend slightly. After slashing its payout for the first time since the Second World War in April, the oil major increased its third quarter…",https://finance.yahoo.com/news/shell-raises-dividend-despite-plunging-070437589.html,2020-10-29T07:04:37Z,negative,-0.08974594
KYN Announces Stockholder Approval of Amended Fundamental Investment Policies,"HOUSTON, Oct. 29, 2020 (GLOBE NEWSWIRE) -- Kayne Anderson Energy Infrastructure Fund, Inc. (NYSE: KYN) (the “Company”) announced today that stockholders have approved the proposals to amend (i) KYN’s investment objective, and (ii) the Company’s fundamental in…",https://news.yahoo.com/kyn-announces-stockholder-approval-amended-212000686.html,2020-10-29T21:20:00Z,positive,0.783659
"The Next Boom: Behind The ‘Contactless Enterprise,’ We Still Need People","'Everything-as-a-service is sort of the easy answer. While it's easy to say everything will be digital, the reality is that value comes from a combination of AI capabilities in conjunction with human expertise.'",https://www.forbes.com/sites/joemckendrick/2020/10/29/the-next-boom-behind-the-contactless-enterprise-we-still-need-people/,2020-10-29T16:18:25Z,neutral,0.2650166
Shopify Announces Third-Quarter 2020 Financial Results - Yahoo Finance,"<ol><li>Shopify Announces Third-Quarter 2020 Financial Results  Yahoo Finance
</li><li>WWE Reports Strong Third Quarter 2020 Financial Results  SEScoops
</li><li>WWE Reports Strong Third Quarter 2020 Results  Wrestlezone
</li><li>HomeTrust Bancshares, Inc.…",https://finance.yahoo.com/news/shopify-announces-third-quarter-2020-110000787.html,2020-10-29T11:00:00Z,positive,0.8378144
Cisco Continues Focus On Software And Simplicity,"As companies rely more on applications that run across cloud platforms, software tools that can assure their quality by rapidly adjusting the network connections that enable them become increasingly important. The problem is, those tools can be very complex, …",https://www.forbes.com/sites/bobodonnell/2020/10/29/cisco-continues-focus-on-software-and-simplicity/,2020-10-29T12:00:00Z,neutral,-0.061908714
"The Jury Is Still Out On Bed, Bath & Beyond’s Turnaround Plan","Bed, Bath & Beyond, in its first investor day, lays out a three-year turnaround plan against rivals from Amazon to Target.",https://www.forbes.com/sites/andriacheng/2020/10/28/the-jury-is-still-out-on-bed-bath--beyonds-turnaround-plan/,2020-10-29T00:53:47Z,positive,0.47110212
Ritchie Bros. to expand data and service offerings with acquisition of Rouse Services,"Ritchie Bros. Auctioneers (NYSE: RBA) (TSX: RBA) (""Ritchie Bros."" or the ""Company"") and Rouse Services (""Rouse"" or ""Rouse Services"") today announced that they have entered into a definitive agreement under which Ritchie Bros. will acquire Rouse Services for a…",https://finance.yahoo.com/news/ritchie-bros-expand-data-offerings-203000034.html,2020-10-29T20:30:00Z,positive,0.8301192
Touchstone Announces Operational Update and Spudding of Cascadura Deep-1,"CALGARY, AB, Oct. 29, 2020 /CNW/ - Touchstone Exploration Inc.",https://finance.yahoo.com/news/media-advisory-minister-mckenna-announcement-224200016.html,2020-10-29T07:00:00Z,neutral,0.1225934
"Vodafone Idea Q2 results: Net loss narrows to Rs 7203 crore, ARPU increases to Rs 119","The telco said its revenue was up 1.2 per cent QoQ to Rs. 10,790 crore, as the impact of nationwide Covid-19 lockdown has gradually started to ease. Revenue for the previous quarter was Rs 10,659 crore.",https://economictimes.indiatimes.com/markets/stocks/earnings/vodafone-idea-q2-results-net-loss-narrows-to-rs-7203-crore-arpu-increases-to-rs-119/articleshow/78934564.cms,2020-10-29T13:50:08Z,negative,-0.28497937
NUS researchers develop process that turns branches and prawn shells into nutritional supplements and medicine,"SINGAPORE: Researchers from the National University of Singapore (NUS) have found a way to turn the shells of crustaceans, as well as discarded branches, into nutritional supplements and medicine. 

This novel process can turn prawn and crab shells into L-DOP…",https://www.channelnewsasia.com/news/singapore/prawn-shells-wood-nutritional-supplements-medicine-nus-method-13403616,2020-10-29T05:30:37Z,neutral,0.20525149
"Silver futures slide 0.72% to Rs 59,705 per kg on weak global cues","In the futures market, silver for December delivery touched an intraday high of Rs 60,335 and a low of Rs 59,400 per kg on the MCX",https://www.moneycontrol.com/news/business/commodities/silver-futures-slide-0-72-to-rs-59705-per-kg-on-weak-global-cues-6035461.html,2020-10-29T11:37:21Z,negative,-0.96090186
Vanadium Miners News For The Month Of October 2020,Vanadium spot prices were flat in October. Vanadium market news - European commission officially launches European raw materials alliance.,https://seekingalpha.com/article/4382445-vanadium-miners-news-for-month-of-october-2020,2020-10-29T08:14:15Z,positive,0.4840787
"Apple, Airtel, Jio and Netflix lead customer experience: Kantar","As per the report, Among Digital Devices, Apple emerges as the leader, with Xiaomi at second place. One Plus and Samsung tied for third place. There is a tie for the first place among Telecom network providers with Airtel and Jio at the top, while Tata Sky ca…",https://economictimes.indiatimes.com/news/company/corporate-trends/apple-airtel-jio-and-netflix-lead-customer-experience-kantar/articleshow/78927946.cms,2020-10-29T07:55:12Z,neutral,0.15709376
"Apple, Airtel, Jio and Netflix lead customer experience: Kantar","As per the report, Among Digital Devices, Apple emerges as the leader, with Xiaomi at second place. One Plus and Samsung tied for third place. There is a tie for the first place among Telecom network providers with Airtel and Jio at the top, while Tata Sky ca…",https://economictimes.indiatimes.com/news/company/corporate-trends/apple-airtel-jio-and-netflix-lead-customer-experience-kantar/articleshow/78927947.cms,2020-10-29T07:55:12Z,neutral,0.15709376
American Voter: Paul Gessing,Al Jazeera asks the same key questions about the presidential election to voters across the United States.,https://www.aljazeera.com/news/2020/10/29/american-voter-paul-gessing,2020-10-29T13:34:40Z,neutral,0.004565388
"Advertiser Boycott Had Little Effect on Facebook’s Q3 2020 Revenue, Which Rose 22%","Whatever effect the monthlong boycott of advertising on Facebook in July by dozens of large brands may have had on the company's third quarter revenue in 2020 was offset by the pandemic-induced shift to ecommerce by many businesses, as Facebook reported stron…",https://www.adweek.com/digital/advertiser-boycott-had-little-effect-on-facebooks-q3-2020-revenue-which-rose-22/,2020-10-29T21:35:00Z,negative,-0.9364548
CB2 Insights Announces Upsize to Bought Deal Public Offering to C$5m,"/NOT FOR DISTRIBUTION TO THE U. NEWSWIRE OR FOR DISSEMINATION IN THE UNITED STATES/TORONTO, Oct.",https://finance.yahoo.com/news/media-advisory-minister-mendicino-virtual-180000260.html,2020-10-29T16:42:00Z,neutral,0.063595824
Sailfish Announces Board and Management Changes,"TORTOLA, British Virgin Islands, Oct. 29, 2020 /CNW/ - Sailfish Royalty Corp.",https://finance.yahoo.com/news/scientific-research-core-driving-force-085900242.html,2020-10-29T11:30:00Z,neutral,0.017669188
Arianne Continues Optimization of Metallurgical Process,"DAN: TSX-V (Canada) JE9N: FSE (Germany) DRRSF: OTC (USA)SAGUENAY, QC, Oct. 29, 2020 /CNW Telbec/ - Arianne Phosphate (the ""Company"" or ""Arianne"") (TSXV: DAN) (OTC: DRRSF) (FRANKFURT: JE9N), a development-stage phosphate mining company, advancing the Lac à Pau…",https://finance.yahoo.com/news/r-e-p-e-t-120000053.html,2020-10-29T11:30:00Z,neutral,0.2267254
Fairfax Africa Holdings Corporation: Third Quarter Financial Results,"TORONTO, Oct. 29, 2020 (GLOBE NEWSWIRE) -- NOT FOR DISTRIBUTION TO U.S. NEWSWIRE SERVICES OR FOR DISSEMINATION IN THE UNITED STATES(Note: All dollar amounts in this news release are expressed in U.S. dollars except as otherwise noted. The financial results ar…",https://news.yahoo.com/fairfax-africa-holdings-corporation-third-210600717.html,2020-10-29T21:06:00Z,neutral,-0.0013104212
Fairfax India Holdings Corporation: Third Quarter Financial Results,NOT FOR DISTRIBUTION TO U.S. NEWS WIRE SERVICES OR DISSEMINATION IN THE UNITED STATES(Note: All dollar amounts in this news release are expressed in U.S. dollars except as otherwise noted. The financial results are prepared using the recognition and measureme…,https://news.yahoo.com/fairfax-india-holdings-corporation-third-210400043.html,2020-10-29T21:04:00Z,neutral,0.0051148934
How to Follow a Local Political Race,"by Cynthia Gordy Giwa 
 
 

ProPublica is a nonprofit newsroom that investigates abuses of power. Sign up for ProPublica’s User’s Guide to Democracy, a series of personalized emails that help you understand the upcoming election, from who’s on your ballot to …",https://www.propublica.org/article/how-to-follow-a-local-political-race#1008841,2020-10-29T13:00:00Z,neutral,0.037206415
Global WholeHealth Partners Corp. (GWHP): The Commentary for Submitting the (EUA) Application # PEUA201789 Date 09/14/2020: for the Global Antigen CoViD19 SARS2 Rapid Test as Mentioned in the 8K Filing on 09/15/20,"San Clemente, CA, Oct. 29, 2020 (GLOBE NEWSWIRE) -- via NewMediaWire \-- Global WholeHealth Partners Corp. (OTC MKTS: GWHP): The Antigen CoViD19 will be a point-of-care settings, like a doctor’s office, emergency room, or some schools. This test has been auth…",https://news.yahoo.com/global-wholehealth-partners-corp-gwhp-124800955.html,2020-10-29T12:48:00Z,neutral,0.048564896
